Specimen,f1,f2,f3a,f5,f6,f7,f8,f9,f10,f11a,f12,f13a,f19,f20,f21,f22a,f23,f24,f25a,f26,f27,f28a,f29,f30,f31,f32,f33,f34,f35,f36,f37,f38,f39,f40,f41,f42,f43,f44,Latitude,Longitude,Country,Ocean,Morphogroup
ZMUC19,8.462,1.5,0,2.982,1.33,0.669,3,1.309,2.7865,0.248,1,,6,6,,,1,3,1,5,6,0.8,0.2065,0,0.73875,0.2145,28,0.9575,0.2075,0.723,0.4,0.4,25,27,1.5,28,29,0.25,-3.6333,52.7166,Seychelles,Indian,Indonesia-W
ZMUC18-3,7.5185,,0.5,3.310333333,0.9395,0.6265,3,1.2985,2.982,0.4855,2,,8,8,,,1,1.75,1,1,1,0,0.119,0,0.84175,0.1755,16,0.943666667,0.185333333,0.677666667,0,0,14,15,1,16,15,0,56.8083,11.487,Denmark,Atlantic,NE-Atlantic
ZMUC18-2,4.3415,,0,2.2,0.638333333,0.418,3,0.6325,1.6305,0.427,3,,8,8,,,1,1,1,7,5,0,0.0575,0,0.499,0.12,26,0.5685,0.117,0.3695,0,0,21,15,1,26,20,0,56.8083,11.487,Denmark,Atlantic,NE-Atlantic
ZMUC18-1,4.035,,0,1.642,0.5415,0.34,3,0.5775,1.537,0.2625,2,,8,8,,,1,3,1,5,2,0,0.057,0,0.47975,0.126,23,0.56,0.119333333,0.341,0,0,20,17,1.125,23,16,0.125,56.8083,11.487,Denmark,Atlantic,NE-Atlantic
ZMUC17-2,8.066,,0,3.5415,1.7585,0.995,3,1.3665,3.3365,0.322,1,,7,7,,,1,4.5,1,9.5,7,1.333333333,0.3895,0,0.985,0.2405,42,1.0405,0.3175,0.8305,0.5,0.833333333,27,24,1.166666667,36.5,28,0.333333333,12.2147,109.2292,Vietnam,Indian,Philippines
ZMUC17-1,9.175,,0.5,3.7335,1.848666667,1.0025,3,1.583,3.7125,0.2365,1,,,,,,1,5,1,,14,1,0.1815,0,1.06475,0.236,,1.228,0.242,0.7115,0.5,0.5,,2,1,,39,0.5,12.2147,109.2292,Vietnam,Indian,Indonesia-W
ZMUC16-2,7.816,,0,3.564,1.67575,1.16,3,1.122,3.6155,0.6655,2,,9,9,,,1,4.333333333,1,0,3,0.5,0.246333333,0.021666667,1.24675,0.190666667,13,1.4575,0.23,0.7705,0.25,0.25,13,19,1,13,18,0.125,-8.1229,114.8555,Indonesia-W,Indian,Indonesia-W
ZMUC16-1,8.395,0.69,2,4.965,1.747,1.111,3,0.925,3.5725,0.418,1,,,,,1.04,1,5,1,,,,0.496,0,1.32375,0.285,,1.7165,0.2315,0.615,,,,,,,,,-8.1229,114.8555,Indonesia-W,Indian,Indonesia-W
ZMUC15,9.338,2.155,0,3.7195,1.686,1.1615,3,1.649,3.857,0.5055,1,,,,,,1,6,1,6.5,7,0.5,0.287,0.1685,1.104,0.218,32,1.2955,0.4335,0.926,0.25,0.25,25,18,1.125,31,18,0.125,-4.2333,44.8667,Seychelles,Indian,Indonesia-W
ZMUC14,8.1705,,0,3.282,1.475,0.7865,2,1.1765,3.085,0.412,2,,9,9,,,1,2.75,1,2,1,0,0.2745,0,0.95425,0.249,25,0.891,0.4135,0.5395,0,0,25,20,1,25,18,0,15.9,90.2833,India,Indian,Indonesia-W
ZMUC13,10.309,,0,5.0825,2.034,1.343,5,1.4285,3.5015,0.297,1,,,,,,1,2.666666667,1,14,9,1,0.334,0.046,1.0365,0.2445,44,1.214,0.423,0.800666667,0.333333333,0.666666667,30,33,1,44,40,0.166666667,7.9972,93.4992,India,Indian,Philippines
ZMUC12-1,2.3335,,0,0.9595,0.3355,0.266,2,0.485,1.066,0.263,3,,8,8,,,1,3,1,34,32,2,0.0615,0,0.2905,0.0865,46,0.3705,0.157,0.2195,1,1,13,14,1,46,44,0.5,69.2382,-53.5641,Greenland,Atlantic,Arctic
ZMUC11-1,3.9685,,0,1.5645,0.472333333,0.239,2,0.5875,1.686,0.3,2,,8,8,,,1,3.333333333,1,55,61,3,0.125666667,0,0.54925,0.158,70,0.6395,0.218,0.3345,1.5,1.5,17,16,1,70,75,1,68.6347,-51.8177,Greenland,Atlantic,Arctic
ZMUC10,15.989,,0,5.977,3.247666667,1.7335,3,2.487,8.206,0.5255,1,,,,,,1,3.5,1,8,16,1.5,0.567,0.135,2.8595,0.345,34,3.12925,0.6725,1.18925,0.75,0.75,26,28,1,34,42,0,41.9166,-32.3667,Portugal-Oceanic,Atlantic,Atlantic
ZMUC09,7.3395,,0,3.2815,1.255,0.811,3,1.143,4.1215,0.305,1,,16,8,,,1,3,1,5,9,0,0.363333333,0.108833333,1.48925,0.20525,31,1.7555,0.3025,0.58,0,0,27,25,1,31,30,0,35.1591,139.6172,Japan,Pacific,Japan
ZMUC07,8.621,,0,3.201,1.338,0.742,3,1.4495,3.2125,0.3495,1,,,,,,1,6.5,1,28,11,2.375,0.159666667,0,0.8815,0.164333333,93,0.9445,0.245,0.8295,1.5,0.875,33,16,1.125,61.5,23.5,0.25,1.75,73.05,Maldives,Indian,Indonesia-W
ZMUC06-1,11.008,,0,4.2365,2.325333333,1.352,3,1.96,3.8065,0.564,1,,,,,,,,,,,,0.293,0.0535,0.92325,0.255,,1.453,0.238666667,1.707666667,,,,,,,,,1.75,71.0833,Maldives,Indian,Indonesia-W
ZMUC05,12.73,,0,4.317,1.8695,1.312,3,1.734,4.672,0.335333333,1,,,,,,1,3,1,14,10,0.833333333,0.3415,,1.469,0.234666667,32,1.41775,0.344666667,1.0035,0.333333333,0.5,18,20,1,32,28,0.5,4.5,-5.3833,Ivory-Coast,Atlantic,Atlantic
ZMUC04,11.022,,0,5.072,1.632,0.835,3,1.3375,3.947,0.388,1,,,8,,,1,2.5,1,10,8,,0.2835,,1.30475,0.2455,40,0.9975,0.452,0.6215,,,30,28,1,40,34,,18.345,-64.7131,Virgin Islands,Atlantic,Caribbean
ZMUC03-2,7.629,,0,2.924666667,1.205,0.557,3,0.8935,2.4895,0.238,1,,8,8,,,1,1.5,1,2,3,0.375,0.255333333,0.0622,0.798,0.237,21,0.768,0.144,0.557,0.1875,0.1875,19,20,1,21,21,0,4.6333,-5.3166,Ivory-Coast,Atlantic,Atlantic
ZMUC03-1,12.99,,0,6.001,2.2075,1.3125,3,1.246,5.234,0.390666667,1,,16,8,,,1,3,1,7,10,0.25,0.545,0.2285,1.994,0.3165,31,1.666,0.4685,0.5905,0.125,0.125,26,23,1,31,34,0,4.6333,-5.3166,Ivory-Coast,Atlantic,Atlantic
ZMUC02-3,6.258,,0,2.415,0.776,0.4365,2,0.991,2.1665,0.173,1,,,,,,1,1,1,4,2,0.125,,0.189,0.58775,,20,0.71675,0.308,0.5185,0.0625,0.0625,17,17,1,20,19,0.125,41.5333,29.4,Turkey,Black Sea,NE-Atlantic
ZMUC02-2,4.736,,0,1.425,0.838,0.314,3,0.6375,1.6355,0.2485,1,,8,8,,,1,1,1,4,3,0.25,0.129,0,0.499,0.2145,20,0.734,0.1855,0.4905,0.125,0.125,16,19,1,20,21,0.125,41.5333,29.4,Turkey,Black Sea,NE-Atlantic
ZMUC02-1,9.629,,0,3.5705,1.7165,0.8915,3,1.6845,4.26,0.802,2,,8,8,,,1,1,1,5,7,0.25,0.242,0,1.28775,0.262,25,1.525,0.2895,0.983,0.125,0.125,20,20,1,25,25,0,41.5333,29.4,Turkey,Black Sea,NE-Atlantic
ZMUC01,7.48,,0,,1.080666667,,3,1.1335,2.9425,0.6745,3,,9,9,,,1,2,1,15,14,0.5,0.124,0,0.9045,0.2085,40,1.1955,0.24775,0.654,0.25,0.25,25,27,1,40,38,0.125,69.7618,-51.2847,Greenland,Atlantic,NE-Atlantic
YPM35103-2,12.9195,1.01,0,5.86825,1.26275,1.31025,3,1.6585,5.6155,0.59925,1,0.8675,16,8,3,1.31,1,3,1,10,6,,0.3418,0.2036,1.9785,0.241,44,2.0715,0.487,0.7285,,,36,18.5,,44,21.5,,41.073192,-73.013755,USA-NE,Atlantic,USA-NE
YPM35103-1,14.996,0.88,0,6.295,2.5695,1.348333333,3,1.421,6.0745,0.5825,1,0.8025,8,8,3,2,1,3,1,15,23,,0.738666667,0.1032,2.32675,0.409,46,2.28375,0.519,0.633,,,30,29,1,46,50,0,41.073192,-73.013755,USA-NE,Atlantic,USA-NE
YPM35102-6,2.4075,,0,1.008,0.3455,0.2225,2,0.511,1.0905,0.243,3,,8,8,,,1,1.5,1,3,2,0,0.088,0,0.28975,0.124,19,0.3015,0.1935,0.2365,0,0,16,17,1,19,18,0,23.135547,-82.340446,Cuba,Atlantic,Caribbean
YPM35102-5,3.236,,0,1.6525,0.520333333,0.277,2,0.649,1.291,0.2575,3,,8,8,,,1,1.5,1,8,7,0,0.081666667,0,0.321,0.122333333,24,0.339,0.2055,0.283666667,0,0,16,15,1,24,21,0,23.135547,-82.340446,Cuba,Atlantic,Caribbean
YPM35102-4,3.689,,0,1.31,0.565,0.2735,2,0.57,1.569,0.206333333,2,,8,8,,,1,2.75,1,7,6,0,0.162666667,0,0.4995,0.1315,30,0.333666667,0.1715,0.366,0,0,25,19,1,30,24,0,23.135547,-82.340446,Cuba,Atlantic,Caribbean
YPM35102-3,5.7225,,0,2.117333333,0.6482,0.463,2,0.8475,1.994,0.29625,2,,8,8,,,1,3,1,5,7,0.125,0.099,0,0.57325,0.131666667,20,0.522,0.242666667,0.46025,0.125,0,13,15,1,17,18.5,0,23.135547,-82.340446,Cuba,Atlantic,Caribbean
YPM35102-2,6.32,0.39,0,2.36425,0.6065,0.476666667,2,1.094,2.525,0.54625,2,0.19,9,8,2,0.31,1,3.5,1,12.5,7,0.25,0.13,0.040333333,0.7155,0.159333333,36,0.7785,0.3175,0.5545,0.25,0,24,25,1,35,28.5,0.125,23.135547,-82.340446,Cuba,Atlantic,Atlantic
YPM35102-1,7.5975,0.46,0,3.093,0.75775,0.74075,2,1.0905,3.055,0.4675,2,0.2525,7,7,2,0.45,1,3,1,10.5,9,0.666666667,0.17,0,0.98225,0.218,29,0.8165,0.362,0.52475,0.333333333,0.333333333,20.5,19,1,29,26.5,0.166666667,23.135547,-82.340446,Cuba,Atlantic,Caribbean
YPM35099-3,9.2675,,,,1.3745,,3,1.6555,3.2785,0.386,1,,8,8,,,,,,,,,0.491,0.044,0.8115,,,1.4035,0.3415,0.8155,,,,,,,,,25.38,-89.95,USA-GoM,Atlantic,USA-GoM
YPM35099-2,8.827,,0,4.5795,0.923333333,0.8475,3,1.5215,3.269,0.3335,1,,8,8,,,1,2.5,1,1,1,0,0.268,0.041666667,0.87375,0.232,20,1.1635,0.34,0.878,0,0,21,20,1,20,19,0,25.38,-89.95,USA-GoM,Atlantic,USA-GoM
YPM35099-1,14.698,,0,6.8525,1.8605,1.2925,3,2.227,5.407,0.5615,1,,8,8,,,1,2.75,1,0,2,0,0.541333333,0.013,1.59,0.502666667,24,1.929,0.297,1.384,0,0,25,21.5,1,24,21,0,25.38,-89.95,USA-GoM,Atlantic,USA-GoM
YPM32109-2-2,4.8005,0.56,0,1.61975,0.52125,0.273,3,0.702,2.0615,0.237,2,0.22,8,8,3,0.5,,,,,,,0.112333333,0,0.67975,0.149,,0.81825,0.16675,0.43625,,,,,,,,,41.619499,-70.426149,USA-NE,Atlantic,USA-NE
YPM32109-2-1,7.1465,0.62,0,2.72475,0.8265,0.58075,3,1.0195,3.275,0.3655,1,0.3725,8,10,3,0.69,,,,,,,0.153,0,1.12775,0.197666667,,1.51725,0.2635,0.58975,,,,,,,,,41.619499,-70.426149,USA-NE,Atlantic,USA-NE
YPM32109-1-2,8.8475,,0,4.622333333,1.3345,1.011333333,3,1.1955,4.038,0.554,1,,8,8,,,1,2.5,1,,,,0.4125,0,1.42125,0.315,23,1.900333333,0.301666667,0.712,,,,,,,,,41.619499,-70.426149,USA-NE,Atlantic,USA-NE
YPM32109-1-1,7.692,,0,2.807,1.067333333,0.8015,3,1.019,3.7625,0.63375,2,,8,8,,,1,2.5,1,6,5,0,0.154,0,1.37175,0.231,23,1.54975,0.20475,0.5295,0,0,18,21,1,23,23,0,41.619499,-70.426149,USA-NE,Atlantic,USA-NE
YPM29380-5,6.174,0.55,3,3.613333333,0.854,0.599,3,1.1225,2.813,0.30675,2,0.395,0,8,3,0.75,1,1.5,1,7,3.5,0,0.084666667,0,0.84525,0.138,24,0.94625,0.2695,0.579,0,0,19,18,1,24,21,0,41.546496,-70.602411,USA-NE,Atlantic,USA-NE
YPM29380-4,5.022333333,,,,0.53175,,3,0.738,2.3215,0.395,2,0.255,0,11,2,0.59,1,1,1,7,4.5,0.25,0.083,0,0.79175,0.167666667,24,0.77125,0.202,0.39375,0.25,0,17,16.5,1,24,19,0,41.546496,-70.602411,USA-NE,Atlantic,USA-NE
YPM29380-3,5.15,0.67,3,2.592,0.669,0.49,3,0.854,2.296,0.269,2,0.335,0,8,3,0.51,1,3,1,11,9,1.6,0.09,0,0.721,0.113333333,41,0.691,0.12675,0.508,0.8,0.6,25,21.5,1,38.5,30,0.2,41.546496,-70.602411,USA-NE,Atlantic,USA-NE
YPM29380-2,5.109,0.55,3,2.831666667,0.641,0.586666667,2,0.893,2.0795,0.115,1,0.245,0,8,3,0.3,1,2.5,1,9,5,1,0.051333333,0,0.59325,0.116,27,0.72375,0.211,0.514,0.428571429,0.571428571,19,20,1,26.5,23.5,0.285714286,41.546496,-70.602411,USA-NE,Atlantic,USA-NE
YPM29380-1,5.277,0.54,2,2.242333333,0.6235,0.554333333,3,0.992,2.896,0.292,1,0.34,0,8,3,0.54,1,5.5,1,8.5,4,0,0.053333333,0,0.952,0.088666667,28,1.246666667,0.075333333,0.7,0,0,19.5,21,1,27,20,0,41.546496,-70.602411,USA-NE,Atlantic,USA-NE
YPM29379-2,4.1295,,0,1.857,0.6835,0.4895,2,0.6935,1.93,0.342,2,,8,8,,,1,1.5,1,3,2,0,0.125,0,0.61825,0.177666667,20,0.86175,0.271,0.27325,0,0,18,16,1,20,18,0,41.6,-70.6524,USA-NE,Atlantic,USA-NE
YPM29379-1,5.05,,0,2.6315,0.7415,0.591,3,0.8395,2.4975,0.478666667,2,,8,8,,,1,2,1,4,5,0,0.2005,0,0.829,0.2075,20,1.00075,0.147,0.502,0,0,16,17,1,20,20,0,41.6,-70.6524,USA-NE,Atlantic,USA-NE
YPM24002-2,6.730333333,0.56,0,2.699,0.879666667,0.566,2,1.1465,2.805,0.45025,2,0.4,8,8,1,0.92,1,2.5,1,5,5.5,0,0.266333333,0.04025,0.82925,0.201666667,27,0.84575,0.30525,0.6245,0,0,23.5,25,1,26.5,26,0,26.651989,-81.873446,USA-NE,Atlantic,USA-NE
YPM24002-1,7.156,0.48,0,2.45875,0.822,0.509,2,1.2915,3.119,0.4875,2,0.353333333,8,8,1,0.78,1,4,1,7,7,0,0.283666667,0,0.91375,0.170333333,35,1.027,0.34825,0.65875,0,0,26,25,1,30,23.5,0,26.651989,-81.873446,USA-NE,Atlantic,USA-NE
USNMUncat03-2,6.574,0.88,0,2.219,0.639666667,0.631,2,0.8715,2.0945,0.158,2,0.173333333,8,8,2,0.58,1,3,1,2,0.5,0.4,0.126,0,0.6115,0.163666667,24,0.514666667,0.2595,0.469,0.4,0,20,14,1,22,13.5,0,11.464341,162.187176,Marshall Islands,Pacific,Marshall Islands
USNMUncat03-1,7.85,0.85,0,2.967333333,0.853333333,0.815,2,1.169,2.1605,0.292,2,0.34,8,8,2,1,1,2,1,0,2,0,0.1625,0,0.49575,0.207,23,0.68,0.35,0.47175,0,0,23.5,19.5,1,22.5,21.5,0,11.464341,162.187176,Marshall Islands,Pacific,Marshall Islands
USNMUncat02,8.906,1.14,0,4.309333333,1.2,1.169,3,1.126,3.387,0.2495,1,0.355,8,8,3,0.98,1,3,1,5,1.5,0.5,0.34625,0.038,1.1305,0.34925,31,1.123333333,0.246,0.5425,0.166666667,0.166666667,19,19.5,1,24,19.5,0.333333333,-3.09333,132.468333,Indonesia-E,Pacific,Indonesia-E
USNMUncat01,15.033,1.26,0,6.222,2.0505,1.240333333,3,1.873,8.0455,0.804,1,0.5,0,10,3,1.75,1,4.5,1,24,16,0.75,0.187333333,0,3.08625,0.2014,68,3.56025,0.35975,1.1375,0.5,0.25,39.5,25,1,65.5,40,0,63.4,-12.6333,Iceland,Atlantic,NE-Atlantic
USNM98972,12.252,1.359,,,1.816666667,,3,1.9515,5.7975,0.826,1,0.724333333,,,1,1.014,1,3,1,5,2,1,0.361,0.147,1.923,0.2445,19,2.234666667,0.393,1.011,0,1,16,19,1,19,18,0,57.541241,-5.51667,Scotland,Atlantic,NE-Atlantic
USNM92914-2,13.08,2.03,0,8.685,1.704666667,1.182,2,2.346,4.6305,1.05925,2,0.7,0,0,2,1.22,1.33,3,1.5,8,10,1,,0,1.14225,,24,1.583,0.91025,1.073,0.5,0.5,20,18,1.75,24,24,0.75,35.5,139.83,Japan,Pacific,Japan
USNM92914-1,11.664,1.88,0,7.367333333,1.514666667,1.28675,2,2.34,4.891,0.58725,1,0.4575,0,0,2,1.2,1,3,1,13,8.5,0.4,,0,1.2755,,31,1.552,0.9285,1.0125,0.2,0.2,19,17,1.4,31,22.5,0.4,35.5,139.83,Japan,Pacific,Japan
USNM92913-2,12.2845,1.48,2,7.912333333,1.865,1.441,2,1.4205,3.6205,0.843,2,0.7125,8,8,3,1.67,1,3.333333333,1,70,85,6,0.464,0,1.1,0.377333333,115,1.30375,0.485,0.69475,3,3,40,39,1.33,115,120,0.75,48.37,-123.63,Canada-NW,Pacific,Canada-NW
USNM92913-1,12.6115,2.85,2,10.40166667,1.884666667,1.714,2,1.346,3.5935,0.7225,2,0.565,7,7,3,1.79,1,3.5,1,95,105,6,0.483666667,0,1.12375,0.289,150,1.4215,0.545,0.5715,3,3,35,45,1.33,135,150,1,48.37,-123.63,Canada-NW,Pacific,Canada-NW
USNM92912-5,13.487,2.19,3.5,11.534,2.501,1.357666667,3,1.369,5.278,1.178666667,2,0.905,8,8,1,1.76,1,2.5,1,9.5,9.5,0,0.4985,0,1.9545,0.387333333,30,1.88725,0.28475,0.80925,0,0,21,25,1,28.5,33,0,37.55,-122.27,USA-SW,Pacific,USA-SW
USNM92912-4,10.5945,0.99,3.66,7.874,1.302333333,1.071333333,3,1.327,3.99,0.714666667,2,0.3166,8,8,1,0.57,1,2.5,1,5.5,7,0,0.333,0,1.3315,0.339666667,33,1.438,0.3585,0.79525,0,0,27,25.5,1,32,31,0,37.55,-122.27,USA-SW,Pacific,USA-SW
USNM92912-3,12.8625,2.02,1.75,8.335666667,1.77,1.593,3,1.288,4.546,1.041,2,1.0925,8,8,2,1.21,1,2.5,1,10.5,10.5,0,0.427,0.0405,1.629,0.373,30,1.73575,0.29025,0.7945,0,0,18,19.5,1,28.5,28.5,0,37.55,-122.27,USA-SW,Pacific,USA-SW
USNM92912-2,12.507,1.46,2,6.591,1.533,1.3365,3,1.78,5.03,1.04,2,0.75,8,8,1,1.42,1,3,1,9,9,0,0.33,0.048,1.625,0.382,30,1.92375,0.33275,1.0535,0,0,22,24,1,28,30,0,37.55,-122.27,USA-SW,Pacific,USA-SW
USNM92912-1,12.3047,1.43,4,9.3166,1.1497,1.8,3,1.3284,4.67235,0.7284,2,0.96,8,8,3,1.33,1,2.5,1,5.666666667,4.75,0.75,0.3673,0.0203,1.671975,0.246733333,27,1.618375,0.374475,0.700175,0.375,0.375,21.66666667,20.66666667,1.125,22,22,0.375,37.55,-122.27,USA-SW,Pacific,USA-SW
USNM92911-4,14.594,4.69,2.5,9.943,3.771666667,2.062333333,3,1.6155,4.8125,0.503,1,1.0875,,,1,3.25,1,4,1,60,50,2.333333333,0.854,0.2175,1.5985,0.432666667,100,1.85125,0.476,0.80775,1,1.333333333,44,38,1,100,85,0.33,36.62,-122.93,USA-SW,Pacific,USA-SW
USNM92911-3,14.156,4.9,3,8.729,3.624,1.8105,3,1.344,3.5005,0.568666667,1,0.63,8,8,1,1.91,,7,1,112.5,97.5,5,0.735,0.211666667,1.07825,0.376,170,1.7495,0.36825,0.641,2.5,2.5,44.5,46,1,161.5,140,0,36.62,-122.93,USA-SW,Pacific,USA-SW
USNM92911-2,13.97733333,4.72,2,9.58175,2.99275,2.1805,3,1.093,4.205,0.6725,1,0.915,8,8,2,1.76,1,6.5,1,116.5,93,5.5,0.952,0.2025,1.556,0.351333333,190,1.6145,0.32675,0.487,2.75,2.75,40,45,1,158.5,137.5,0.5,36.62,-122.93,USA-SW,Pacific,USA-SW
USNM92911-1,13.4505,3.38,2,7.75925,2.875,1.486333333,3,1.427,4.451,0.8415,1,0.5125,8,8,1,1.89,1,6,1,79,68,4,0.59,0.146333333,1.512,0.465333333,113,1.8085,0.468,0.68725,2,2,33,2,1.5,113,90,0,36.62,-122.93,USA-SW,Pacific,USA-SW
USNM58675-2,5.631,,0,2.2955,1.2215,0.604,3,0.6025,2.537,0.442,2,0.2966,8,8,1,0.49,1,3.25,1,42,42,3.666666667,0.176,0.01725,0.96725,0.2365,62,1.031333333,0.3165,0.2225,2,1.666666667,23,25,1,62,67,1,53.88,-166.53,USA-Alaska,Pacific,USA-Alaska
USNM58675-1,8.82,1.17,0,5.149,2.056666667,1.24,3,1.6485,4.5925,1.097,2,0.805,8,8,3,1.4,1,3,1,91,92,4,0.168,0.0806,1.472,0.339333333,122,1.85575,0.21675,0.9005,2,2,32,30,1,122,120,1,53.88,-166.53,USA-Alaska,Pacific,USA-Alaska
USNM58285-3,4.213,0.572,0,1.631666667,0.4955,0.364666667,2,0.6735,1.6895,0.354,2,0.221,8,8,2,0.355,1,1.75,1,6,3,0,0.116,0,0.508,0.1885,22,0.613,0.263,0.296,0,0,17,19,1,22,21,0,41.52,-70.67,USA-NE,Atlantic,USA-NE
USNM58285-2,4.646,0.532,0,1.748333333,0.594,0.406666667,2,0.666,2.0485,0.318,2,0.2823,8,8,2,0.268,1,1.75,1,3,5,0,0.103,0,0.69125,0.169333333,14,0.705,0.225,0.3605,0,0,12,13,1,14,18,0,41.52,-70.67,USA-NE,Atlantic,USA-NE
USNM58285-1,4.6435,0.466,0,1.86275,0.59725,0.3955,2,0.7295,1.8125,0.23125,2,0.2183,8,8,1,0.249,1,1,1,4,2,0,0.106666667,0,0.5415,0.163,22,0.68475,0.1705,0.375,0,0,18,18,1,22,19,0,41.52,-70.67,USA-NE,Atlantic,USA-NE
USNM58284,9.3295,3.45,0,3.2855,2.305333333,1.2705,3,1.1175,3.5375,0.604,1,0.8575,8,8,1,2.7,1,3,1,5.5,3.5,0,0.297,0,1.21,0.263333333,26,1.62175,0.38125,0.571,0,0,18,19,1,23.5,21,0,43.78,-19.02,Portugal-Oceanic,Atlantic,Portugal-Oceanic
USNM58263-2,4.56,1.73,,,1.107,,2,0.9,2.1135,0.2025,1,0.37,,,3,0.94,1,3,1,,,,,,0.60675,,,0.8505,0.289,0.457,,,,,,,,,39,-31.47,Portugal-Oceanic,Atlantic,Portugal-Oceanic
USNM58263-1,5.0305,1.39,0,2.143,1.171666667,0.5365,2,1.2245,2.159,0.1935,1,0.3033,7,7,2,0.74,1,3,1,18,22,1.333333333,0.2235,0,0.46725,0.234,44,0.8685,0.372,0.5995,0.666666667,0.666666667,28,22,1,44,42,0.333333333,39,-31.47,Portugal-Oceanic,Atlantic,Portugal-Oceanic
USNM54371-2,7.898,,,,,,2,1.3445,2.6315,0.45025,2,0.3305,8,8,3,0.408,1,2,1,90,85,3,0.377333333,0.0545,0.6435,0.294,110,0.93,0.39475,0.673,1.5,1.5,30,30,1,110,115,0.33,55.232,-131.371,USA-Alaska,Pacific,USA-Alaska
USNM54371-1,13.7565,1.686,2.5,6.961333333,1.96375,1.272666667,2,1.5355,4.049,0.8945,2,0.53225,16,8,1,1.389,1,6,1,140,118,6,0.4712,0.3185,1.25675,0.351666667,180,1.605,0.45125,0.72975,3,3,40,38,1,180,155,0.666666667,55.232,-131.371,USA-Alaska,Pacific,USA-Alaska
USNM53869,14.09,2.082,4,12.268,1.932333333,1.45,3,1.787,6.22,0.836333333,1,1.312,8,8,1,2.493,1,4.333333333,1,21,17,2,0.4235,0,2.2165,0.334,51,3.396,0.20875,0.981,1.5,0.5,32,31,1,51,46,0.5,48.42,-52.77,Canada-NE,Atlantic,Canada-NE
USNM53868-4-2,18.596,2.224,4.5,17.494,2.940666667,1.78,3,2.8505,8.2745,1.57825,1,1.30675,8,8,1,2.92,1,3,1,,,,0.383,0,2.712,0.492,,4.751,0.5085,1.71025,,,,,,,,,47.68,-52.77,Canada-NE,Atlantic,Canada-NE
USNM53868-4-1,14.773,1.427,1,,2.599666667,1.706,3,2.2045,8.4485,1.08725,1,1.5015,,,1,2.726,1,3,1,13,12,1,0.268,0.047666667,3.122,0.4495,38,3.851,0.436,1.172,0.5,0.5,28,24,1,38,30,1,47.68,-52.77,Canada-NE,Atlantic,Canada-NE
USNM53868-3-2,14.471,2.092,5,,1.723666667,1.3865,3,1.5375,6.128,1.0585,1,1.061,8,8,3,1.534,1,3,1,12,13,0.333333333,0.329666667,0.0845,2.29525,0.269666667,38,3.28125,0.44275,0.794,0.166666667,0.166666667,28,26,1,38,35,0.2,47.68,-52.77,Canada-NE,Atlantic,Canada-NE
USNM53868-3-1,12.793,1.7,3,9.491,2.19,1.6175,3,1.8465,5.6835,1.00425,1,1.26575,8,8,3,1.626,1,3,1,11.5,11.5,3,0.2605,0.043666667,1.9185,0.266,33,2.92725,0.34675,1.13375,1.2,1.8,18.5,25,1,30.5,32.5,0.25,47.68,-52.77,Canada-NE,Atlantic,Canada-NE
USNM53868-2,15.175,2.551,4,15.345,2.224,1.3335,3,1.691,6.1265,0.883666667,1,1.1385,8,8,3,2.018,1,3,1,9,12.5,0.33,0.270333333,0,2.21775,0.463333333,31,3.06425,0.62,0.89225,0,0.33,23,21,1,31,31.5,0,47.68,-52.77,Canada-NE,Atlantic,Canada-NE
USNM53868-1,15.517,1.993,,,2.49175,2.0415,3,1.864,6.199,1.24275,1,1.7575,,,2,2.333,1,2.5,1,20,18,0.33,0.3645,0.086,2.1675,0.322,60,2.998666667,0.461,1.1175,0,0.33,37,34,1,60,50,0,47.68,-52.77,Canada-NE,Atlantic,Canada-NE
USNM53755,6.3475,1.2,2,2.849,0.819,0.7165,3,1.1185,2.721,0.453,2,0.52,8,8,2,0.58,1,1,1,18,21,1.4,0.180333333,0,0.80125,0.168333333,50,1.15275,0.21025,0.6615,0.6,0.8,29,31,1,47.5,50,0.6,55.28,-59.33,Canada-NE,Atlantic,Canada-NE
USNM53680,16.622,1.151,0,8.06025,2.005666667,1.567,,,,0.663,1,1.3,8,8,1,2.497,1,6,1,3,8,0.4,0.382333333,0,,0.448,54,,,,0.2,0.2,46,35.5,1,52,44,0,26.22,-85.13,USA-GoM-FL,Atlantic,USA-GoM
USNM53678-6,2.7685,,0,0.882,0.355333333,0.256,2,0.3635,1.1845,0.238,2,,8,8,,,1,3,1,29,30,3,0.1075,0,0.4105,0.149333333,40,0.5935,0.2335,0.096666667,1.5,1.5,14,14,1,40,38,0.25,71.387389,-156.482399,USA-Arctic,Arctic,Arctic
USNM53678-5,3.647333333,,0,1.3085,0.45125,0.312,2,0.446,1.6945,0.431666667,3,,8,8,,,1,3,1,35,36,3,0.075,0,0.62425,0.214666667,52,0.5015,0.232,0.1505,1.5,1.5,16,17,1,52,52,0.5,71.387389,-156.482399,USA-Arctic,Arctic,Arctic
USNM53678-4,2.934,,0,0.945,0.404666667,0.2505,2,0.5965,1.3615,0.303666667,3,,8,8,,,1,3,1,24,28,3,0.082333333,0,0.3825,0.134333333,35,0.4755,0.3045,0.228,1.5,1.5,14,12,1,35,35,0.25,71.387389,-156.482399,USA-Arctic,Arctic,Arctic
USNM53678-3,3.5195,,0,1.113,0.436,0.331,2,0.494,1.582,0.271,2,,8,8,,,1,3,1,27,33.5,3,0.1,0,0.544,0.134,40,0.6715,0.32125,0.13975,1.5,1.5,15,14.5,1,40,45,1,71.387389,-156.482399,USA-Arctic,Arctic,Arctic
USNM53678-2,2.656333333,,0,0.8085,0.298333333,0.2585,2,0.4425,1.349,0.217,2,,8,8,,,1,3,1,24,23,2,0.091,0,0.45325,0.166,36,0.552,0.2125,0.156,1,1,13,12,1,36,33,0.25,71.387389,-156.482399,USA-Arctic,Arctic,Arctic
USNM53678-1,3.2845,,0,0.9635,0.343333333,0.253,2,0.5095,1.3175,0.42675,3,,9,9,,,1,2.5,1,21.5,23,1.5,0.094333333,0,0.404,0.162666667,35,0.49675,0.2805,0.19075,0.75,0.75,13,14,1,33.5,34,0,71.387389,-156.482399,USA-Arctic,Arctic,Arctic
USNM53676,2.954,0.737,0,2.566,0.6355,0.683,2,0.5665,1.3535,0.149,2,0.2613,,,2,0.363,1,1,1,0,0,0,0.19925,0,0.3935,0.201,20,0.44525,0.23625,0.2685,0,0,20,18,1,20,19,0,11.5,162.25,Marshall Islands,Pacific,Marshall Islands
USNM49321-7,2.707,,0,0.819,0.360333333,0.298,2,0.556,1.394,0.445,3,,8,8,,,1,2,1,25,24,2,0.104,0,0.419,0.172333333,35,0.57825,0.296,0.15825,1,1,12,12,1,35,36,0.75,72.186169,-156.589218,USA-Arctic,Arctic,Arctic
USNM49321-6,4.085,,0,1.212666667,0.6235,0.347,2,0.7005,1.746,0.3735,2,,8,8,,,1,3.5,1,45,45,3,0.176333333,0,0.52275,0.226666667,60,0.722,0.30475,0.29975,1.5,1.5,16,16,1,60,60,1,72.186169,-156.589218,USA-Arctic,Arctic,Arctic
USNM49321-5,3.4575,,0,1.0745,0.408666667,0.2645,2,0.6855,1.671,0.6135,4,,8,8,,,1,3.5,1,40,36,2,0.119,0,0.49275,0.189666667,55,0.63925,0.27625,0.30725,1,1,15,14,1.125,55,48,0.5,72.186169,-156.589218,USA-Arctic,Arctic,Arctic
USNM49321-4,3.888,,0,1.403666667,0.566,0.238333333,2,0.6305,1.9345,0.685333333,3,,8,8,,,1,3,1,36,40,0.5,0.100333333,0,0.652,0.171666667,48,0.8915,0.44425,0.20325,0.25,0.25,13,12,1,48,50,0,72.186169,-156.589218,USA-Arctic,Arctic,Arctic
USNM49321-3,3.529,,0,0.996666667,0.469666667,0.265,2,0.6635,1.7435,0.567,3,,8,8,,,1,3,1,34,38,2,0.110333333,0,0.54,0.194666667,46,0.74725,0.30275,0.313,1,1,14,14,1,46,48,0.5,72.186169,-156.589218,USA-Arctic,Arctic,Arctic
USNM49321-2,3.346333333,,0,1.0915,0.345666667,0.234,2,0.708,1.5935,0.5355,4,,8,8,,,1,3,1,35,37,2,0.131666667,0,0.44275,0.206666667,48,0.6055,0.34825,0.25925,1,1,15,15,1,48,48,0.5,72.186169,-156.589218,USA-Arctic,Arctic,Arctic
USNM49321-1,3.998333333,,0,1.155333333,0.408,0.391,2,0.6545,1.9145,0.341666667,2,,8,8,,,1,3,1,36,45,2,0.171333333,0,0.63,0.219333333,55,0.865,0.440666667,0.202333333,1,1,20,14,1,55,56,0.5,72.186169,-156.589218,USA-Arctic,Arctic,Arctic
USNM44243-2,10.0165,1.96,1,4.658,1.56925,1.2835,2,0.955,3.3625,0.64975,1,0.375,8,8,1,1.09,1,4,1,200,200,6,0.486,0.123,1.20375,0.362666667,245,1.2315,0.4875,0.443,3,3,40,35,1,245,238,0.25,71.357717,-156.330985,USA-Arctic,Arctic,Arctic
USNM44243-1,13.225,2.36,0.75,5.3135,1.707666667,1.4055,3,1.498,5.0865,0.204,1,0.6225,8,8,1,1,1,6,1,220,288,7,0.3025,0,1.79425,0.543,250,2.17225,0.531,0.7275,3.5,3.5,30,26,1,250,307,1,71.357717,-156.330985,USA-Arctic,Arctic,Arctic
USNM30988,11.989,1.856,4,9.411,1.973,1.247,3,1.186,5.8965,0.912333333,2,1.19825,,,1,1.619,1,1.333333333,1,4,4.5,0,0.4705,0,2.35525,0.3515,30,2.531,0.32575,0.69875,0.25,0,28,19,1,28,22.5,0,44.7144,-66.889608,Canada-NE,Atlantic,Canada-NE
USNM30986-2,8.49,,0,3.37,,0.483,2,1.918,3.551,0.248,1,,8,8,,,1,6.5,1,20,11,1.5,0.227,0,0.8165,0.2768,42,1.126,0.7095,,1,0.5,19,26,1,42,31,0.25,18.235589,-65.567046,Puerto Rico,Atlantic,Caribbean
USNM30986-1,12.714,,0,,,,2,1.641,4.4,0.581,1,0.6215,8,8,3,1.432,1,3.5,1,16.5,15,2,0.345,0.10775,1.3795,0.3295,66,1.49925,0.61,0.701,1.142857143,0.857142857,48,29.5,1,61,35.5,1,18.235589,-65.567046,Puerto Rico,Atlantic,Caribbean
USNM30985-2,7.9615,0.689,0,3.35425,1.401,0.64125,3,1.321,3.776,0.62775,2,0.46925,8,8,1,0.294,1,2,1,6,4.5,0,0.071666667,0,1.2275,0.178,23,1.55925,0.42575,0.63475,0,0,19.5,18.5,1,22.5,22.5,0,41.520265,-70.673949,USA-NE,Atlantic,USA-NE
USNM30985-1,8.45,0.689,0,3.562,1.4865,0.80425,3,1.4325,4.5645,0.622,1,0.5805,8,8,3,0.512,1,2,1,2.5,3,0,0.19025,0,1.566,0.21625,21,2.182,0.3695,0.8715,0,0,18,14.5,1,19,14.5,0,41.520265,-70.673949,USA-NE,Atlantic,USA-NE
USNM30885,23.097,1.043,3,13.0035,3.158,2.12425,3,3.337,11.7275,1.012333333,1,0.930666667,8,8,1,1.257,1,3,1,10,6,0,0.506666667,0,4.19525,0.335,42,5.55925,0.65625,1.855,0.166666667,0,30.5,26.5,1.166666667,38,30,0.166666667,43.6977,-69.9922,USA-NE,Atlantic,USA-NE
USNM29787-2,11.586,1.602,,,1.642,,3,1.4745,4.8795,0.224666667,1,0.92,8,8,3,1.628,1,2.666666667,1,1.5,1,0,0.429333333,0.144,1.7025,0.325666667,26,1.78925,0.4985,0.73375,0,0,25,26,1,25.5,27,0,36.0583,135.9,Japan,Pacific,Japan
USNM29786-2,11.293,3.03,0,5.122,2.1935,1.472,3,2.004,5.12,0.486,1,0.605,,,3,1.71,1,6,1,,,,0.251,0,1.543333333,0.327,,2.227333333,0.707666667,1.1755,,,,,,,,,42.33,141,Japan,Pacific,Japan
USNM29786-1,12.70266,3.01,0,5.835,2.534666667,2.302,3,1.441,5.361,0.5335,1,1.0025,,,3,2.61,1,6.5,1,320,370,8,0.361,0,2.4265,0.3485,370,2.4265,0.6535,0.961,4,4,50,40,1,370,400,2,42.33,141,Japan,Pacific,Japan
USNM29691-4,1.7265,,0,0.561,0.242,0.205,1,0.342,0.757,0.328,4,,6,6,,,1,1,1,27,20,6,0.0765,0,0.2075,0.150666667,40,0.3325,0.1925,0.143,3,3,14,15,1,40,35,0.5,53.88,-166.53,USA-Alaska,Pacific,USA-Alaska
USNM29691-3,1.7335,,0,0.4895,0.215333333,0.1795,4,0.372,0.6785,0.225,3,,8,8,,,1,1,1,13.5,17.5,5.5,0.079,0,0.15325,0.137666667,30,0.26575,0.1445,0.1475,2.75,2.75,16.5,12.5,1,28.5,28,0.5,53.88,-166.53,USA-Alaska,Pacific,USA-Alaska
USNM29691-2,1.3505,,0,0.367,0.196666667,0.15,4,0.3265,0.563,0.175,4,,8,8,,,1,1,1,7,7,2.666666667,0.0605,0,0.11825,0.132,16,0.202,0.1265,0.1345,1.333333333,1.333333333,9,8,1,16,14,1,53.88,-166.53,USA-Alaska,Pacific,USA-Alaska
USNM29691-1,2.1485,,0,0.8495,0.304,0.2505,1,0.484,0.875,0.2905,3,,8,8,,,1,1,1,14,13,4.5,0.0905,0,0.1955,0.202,28,0.352333333,0.211333333,0.1945,2.5,2,13,14,1,28,26,0.25,53.88,-166.53,USA-Alaska,Pacific,USA-Alaska
USNM28718-2,6.786,1.912,0,3.713666667,1.299,0.753,2,1.3485,3.453,0.508,2,0.553333333,,,3,1.674,1,1.666666667,1,3,5,0.25,0.214,0.0375,1.05225,0.185,27,1.30575,0.391666667,0.724666667,0,0.25,25,22,1,27,27,0.125,-4.7228,118.96,Indonesia-W,Pacific,Indonesia-W
USNM28718-1,9.917,,,,1.2345,,2,1.4415,3.2125,0.365,1,0.375666667,7,7,1,1.065,1,1.666666667,1,8,3,0.6,0.226666667,0,0.8855,0.201,38,1.14375,0.462,0.73225,0.2,0.4,28,26.5,1,37,29.5,0,-4.7228,118.96,Indonesia-W,Pacific,Indonesia-W
USNM27979-2,9.137,,,,1.7805,,,,,0.4375,1,1.08,,,3,2.06,1,4,1,,,1,,,,0.3835,,1.249,0.365,0.544,0.5,0.5,,,,,,0.75,6.07,121,Philippines,Pacific,Philippines
USNM27979-1,10.391,,,,,,,,,,,,14,7,3,1.44,1,4.666666667,1,8,6,2.666666667,0.659,0.379,,0.353,30,,,,1.333333333,1.333333333,22,23,1,30,25,1.5,6.07,121,Philippines,Pacific,Philippines
USNM27925-2,15.201,1.73,0,7.061666667,2.186666667,1.805,5,1.7905,5.427,0.461333333,1,0.8733,14,7,3,1.77,1,2,1,17.5,9,0.2,1.2835,0.691,1.81825,0.4985,50,2.11,0.439,1.0185,0,0.2,34,34,1,50,40.5,0,12.33,123.62,Philippines,Pacific,Philippines
USNM27925-1,16.92,1.67,0,5.9275,2.212333333,1.673,5,1.663,4.9955,0.329,1,0.9675,16,8,3,1.93,1,3,1,8.5,6.5,0,1.0575,0.627,1.66625,0.462,42,2.37125,0.36725,0.84425,0,0,32,29.5,1,39.5,34,0,12.33,123.62,Philippines,Pacific,Philippines
USNM27924-7,6.649,1.3,1.5,3.496333333,1.236333333,0.576333333,3,1.207666667,2.806666667,0.142,1,0.326666667,,,3,1.06,1,2.5,1,2,,,0.188,,0.7995,0.171,22,0.639333333,0.263333333,0.43625,,,20,,,22,,,10.0306,124.708,Philippines,Pacific,Philippines
USNM27924-6,7.6033,,,,1.35,1.062,3,1.175,3.723,0.464,2,0.616666667,,,3,1.6,1,3.666666667,1,,,,,,1.274,0.1745,,1.245,0.172,0.552,,,,,,,,,10.0306,124.708,Philippines,Pacific,Philippines
USNM27924-5,5.916,0.8,,,1.241,0.782,3,0.619,2.7035,0.528,2,0.585,,,2,1.1,1,2.5,1,,,,,,1.04225,0.18,,1.19225,0.13425,0.383,,,,,,,,,10.0306,124.708,Philippines,Pacific,Philippines
USNM27924-3,6.914,,,,1.196333333,0.748,3,0.845,2.874,0.442,2,0.453333333,,,2,1.06,1,3,1,,,,,,1.0145,0.2145,,0.9075,0.22,0.393,,,,,,,,,10.0306,124.708,Philippines,Pacific,Philippines
USNM27924-2,7.8405,,0,,0.978333333,0.7935,3,,,0.6715,2,0.566666667,,,2,1.31,1,3,1,,,,0.306,0,,0.237,,,,,,,,,,,,,10.0306,124.708,Philippines,Pacific,Philippines
USNM27924-1,7.929,1.29,0,,1.101333333,0.827,3,0.9835,2.767,0.4385,2,0.42,,,3,1.29,1,3,1,6,4,0.6,,,0.89175,0.18,31,0.97575,0.33525,0.55,0.4,0.2,23,18,1.4,30.5,20,0.4,10.0306,124.708,Philippines,Pacific,Philippines
USNM27923,10.077,0.94,0,4.084,1.221,0.714,2,1.2565,3.522,0.237,1,0.38,8,8,2,0.83,1,2,1,21.5,10,1.2,0.563,0.083666667,1.13275,0.2565,91,1.128,0.387,0.6585,0.4,0.2,49,34,1.6,70,43,1.6,12.33,123.62,Philippines,Pacific,Philippines
USNM1130898,6.284,,,,0.819666667,,3,1.0015,2.9905,0.34,1,0.297333333,,,2,0.71,1,3,1,,,,0.142,,0.9945,0.116333333,,0.7715,0.42675,0.39675,,,,,,,,,27.6452,-88.3658,USA-GoM-AL,Atlantic,USA-GoM
USNM1130897,19.123,0.972,,,1.742,,3,1.499,6.258,0.397,1,0.646,,,1,1.72,1,3,1,0,0,0,,0,2.3795,0.202,45,2.428,0.5775,0.601,0,0,45,48,1,45,44,0,29.1511,-88.0151,USA-GoM-AL,Atlantic,USA-GoM
UFC50,12.102,0.84,0,5.556,2.796,1.362,3,1.4725,5.638,0.419,1,0.935,7,7,3,2.14,1,5,1,10,14,0.571428571,0.499333333,0,2.08275,0.464666667,38,1.427,0.56225,0.71925,0.285714286,0.285714286,32,22,1,38,32,0.285714286,-4.626186,-37.500564,Brazil-NE,Atlantic,Brazil-NE
UFBA2,22.823,0.97,0,11.79466667,4.22175,2.351666667,3,1.9765,9.805666667,0.896333333,1,2.0525,16,8,1,3.8,1,6,1,34.5,29,2.666666667,0.871333333,0.4055,3.914583333,0.498666667,104,2.82725,0.75325,0.98525,1.666666667,1,56,29.5,1,87,53.5,0.666666667,-12.8892,-38.6839,Brazil-NE,Atlantic,Brazil-NE
UFBA1,24.5855,1.36,0,17.0955,4.306666667,3.958,3,2.002,10.681,1.14875,1,2.2075,8,9,3,3.46,1,5.666666667,1,14.5,25.5,3.166666667,1.09925,0.2385,4.3395,0.649,58,3.77325,0.66575,0.92425,1.666666667,1.5,37,30.5,1.5,52,50.5,1,-12.8892,-38.6839,Brazil-NE,Atlantic,Brazil-NE
NA-2,16.5945,,0,7.398666667,2.5135,1.259666667,2,2.563,6.1475,0.81025,2,,8,8,,,1,4.5,1,10,2,1.125,0.319666667,0,1.79225,0.612,30,1.73875,1,1.184,0.375,0.625,20,18,1.375,30,20,0.625,,,NA-Aq,,Aquarium
NA-1,14.242,,0,8.346,1.821,1.13,2,2.1945,4.3745,0.637,2,,8,8,,,1,3.25,1,11,11,1.571428571,0.307,0,1.09,0.529,28,1.377,0.90275,0.75075,0.857142857,0.571428571,18,22,1.285714286,28,30,1,,,NA-Aq,,Aquarium
MZUSP977,19.564,1.4,0,9.7895,2.9265,1.724,3,1.2165,9.561,0.900333333,1,,16,8,,,1,4.5,1,14,10,0.5,0.304,0.118,4.17225,0.29,45,3.58725,0.50625,0.60575,0.25,0.25,32,26,1,45,32,0.25,-26.0645,-48.6035,Brazil-S,Atlantic,Brazil-SE/S
MZUSP0346-2,18.4365,1.3,0,10.436,2.7095,2.458,3,2.5325,8.611,0.993,1,0.933333333,,,1,2,1,3.666666667,1,18,9.5,0,0.578,0.147666667,3.03925,0.412,55,2.668,0.65,1.2195,0,0,39,37.5,1,55,44.5,0,-25.061734,-47.880093,Brazil-SE,Atlantic,Brazil-SE/S
MZUSP0346-1,23.2325,1.4,0,,3.731,2.412333333,3,1.5893,10.34266,1.036666667,1,1.3,,7,2,2,1,4,1,7,5,0.125,0.691666667,0.139,4.37668,0.412,57,3.925333333,0.855,1.215,0,0.125,45,30.5,1,51,32.5,0.125,-25.061734,-47.880093,Brazil-SE,Atlantic,Brazil-SE/S
MZUFBA1090,23.067,0.68,0,11.779,4.398,2.789333333,3,1.755,11.657,0.77775,1,1.255,16,8,3,2.03,1,5.75,1,24.5,17,3.666666667,0.84925,0.222125,4.951,0.4505,80,3.76825,0.590666667,0.8385,1.5,2.166666667,42.5,35.5,1.333333333,66.5,48,0.833333333,-13.097483,-38.71308,Brazil-NE,Atlantic,Brazil-NE
LAB16,26.355,,0,,5.492,,3,2.305,12.923,1.351666667,1,1.3275,,,3,2.85,1,5.333333333,1,24,21.5,0.8,,,5.309,,64,6.10925,0.61975,1.2815,0.4,0.4,35.5,30,1,58.5,46,0.125,-23.8271,-45.422,Brazil-SE,Atlantic,Brazil-SE/S
LAB12-2,10.093,0.99,0,,2.588333333,,,,,0.263,1,0.8,8,8,3,1.56,1,3.333333333,1,2,3,0.166666667,0.4015,0,,0.361,20,,,,0,0.166666667,18,16,1,20,17,0,-23.751125,-45.349494,Brazil-SE,Atlantic,Brazil-SE/S
LAB12-1,10.8895,0.78,0,,2.670666667,,,,,0.25,1,0.63,8,8,3,1.8,1,2.5,1,3,2,0.25,,0,,,15,,,,0.125,0.125,12,12,1,15,12,0,-23.751125,-45.349494,Brazil-SE,Atlantic,Brazil-SE/S
LAB09-5,2.639,,0,1.2545,0.42,0.2875,2,0.5305,0.9695,0.1175,1,,8,8,,,1,2.5,1,2,2,0,0.0215,0,0.2195,0.0545,11,0.3,0.2735,0.2005,0,0,10,11,1,11,12,0,48.7229,-3.9638,France-LAB,Atlantic,France-LAB
LAB09-4,5.09,0.65,0,3.263,0.8195,0.494,2,0.9745,2.157,0.2025,1,,8,8,2,0.4,1,3.5,1,8,5,0.125,0.042,0,0.59125,0.101,27,0.618,0.4575,0.368,0.125,0,21,16,1,27,19,0.125,48.7229,-3.9638,France-LAB,Atlantic,France-LAB
LAB09-3,6.017,0.9,0,3.866,0.9595,0.599,2,1.14,2.5775,0.293666667,1,0.291,8,8,2,0.45,1,3,1,5,5,0,0.080666667,0,0.71875,0.1225,19,0.7755,0.6025,0.388,0,0,16,16,1,19,17,0,48.7229,-3.9638,France-LAB,Atlantic,France-LAB
LAB09-2,5.7235,0.78,0,3.371,0.877,0.4975,2,0.973,2.1205,0.1555,1,0.37,8,8,3,0.54,1,3.25,1,7,6,0.25,0.071,0,0.57375,0.104,30,0.513,0.4565,0.3825,0.125,0.125,25,23,1,30,27,0,48.7229,-3.9638,France-LAB,Atlantic,France-LAB
LAB09-1,8.629,,0,6.029,1.725666667,1.083,2,1.7625,4.844,0.6705,1,0.706666667,,,,,1,3.5,1,16,9,0.666666667,0.1975,0,1.54075,0.196,46,1.519,1.0785,0.4755,0.333333333,0.333333333,30,23,1,46,27,0.125,48.7229,-3.9638,France-LAB,Atlantic,France-LAB
LAB08,20.6725,1.6,0,11.23733333,3.834,2.5955,3,1.8615,9.8395,1.56275,1,1.65,16,10,1,3.7,1.5,6,1,10.5,8,0.75,1.19375,0.630666667,3.989,0.6475,52,3.081,0.436,0.9575,0.5,0.25,41,38.5,1,50,41.5,0.33,-23.8213,-45.3958,Brazil-SE,Atlantic,Brazil-SE/S
LAB07,22.211,1.36,0,14.444,3.749333333,4.74925,3,2.0345,9.443,0.719,1,1.3825,16,8,3,2.78,1,4.5,1,17,10,1,1.187,0.332666667,3.70425,0.5725,70,3.20175,0.58025,0.91875,0.333333333,0.666666667,49,50,1,65,55,0.5,-23.8213,-45.3958,Brazil-SE,Atlantic,Brazil-SE/S
LAB06-3,26.447,,0,,4.9325,4.4725,3,3.008,11.9635,0.992333333,1,1.563333333,16,8,3,2.76,1,4.75,1,17,22,0.6,0.806666667,0.431,4.47775,0.425,55,3.65825,0.637,1.603,0.2,0.4,40,40,1,55,58,0.25,-25.016,-47.9234,Brazil-SE,Atlantic,Brazil-SE/S
LAB06-2,17.96,,0,,3.332,1.98,3,2.4705,7.6515,0.84275,1,0.9175,,,1,1.4,1,3,1,19,20,0.25,0.774,0.212,2.5905,0.408666667,57,1.8745,0.532,1.456,0.125,0.125,39,34,1,57,50,0,-25.016,-47.9234,Brazil-SE,Atlantic,Brazil-SE/S
LAB06-1,22.4205,,0,,3.649,2.8675,3,1.9175,9.0755,1.09,1,1.325,16,8,1,2.31,1,4.333333333,1,14,9,0.833333333,0.812666667,0.29425,3.579,0.386333333,55,3.45475,0.7265,0.85575,0.666666667,0.166666667,43,40,1,55,45,0.166666667,-25.016,-47.9234,Brazil-SE,Atlantic,Brazil-SE/S
LAB05-5,6.6305,0.3,0,3.3535,1.4315,0.987,3,0.757,3.1115,0.3465,2,0.346666667,8,8,2,0.68,1,2.75,1,4,4,2,0.12,0,1.17725,0.163333333,20,1.1275,0.2155,0.368,1,1,16,21,1.2,20,22,0.4,33.6319,135.3685,Japan,Pacific,Japan
LAB05-4,9.6075,1.01,3,7.689666667,1.841333333,1.6155,3,1.401,4.7235,0.436,1,0.746666667,7,7,3,1.26,1,3,1,4,3,0.25,0.258,0,1.66125,0.335333333,20,1.906,0.3195,0.84225,0.125,0.125,18,24,1,20,25,0.166666667,33.6319,135.3685,Japan,Pacific,Japan
LAB05-3,10.299,,1.5,5.234,1.648,1.529,3,2.0205,4.835,0.4705,1,0.52,8,9,3,1.11,1,3.5,1,10,13,0.75,0.36,0,1.40725,0.286,40,1.57225,0.4825,1.11425,0.25,0.5,32,20,1,40,30,0.166666667,33.6319,135.3685,Japan,Pacific,Japan
LAB05-2,10.3955,0.65,1.75,5.873666667,1.620333333,1.77,3,1.166,5.427,0.405,1,0.88,8,8,3,1.44,1,4,1,15,13,0.25,0.279333333,0,2.1305,0.255333333,42,2.40125,0.373,0.6265,0,0.25,30,23,1,42,32,0,33.6319,135.3685,Japan,Pacific,Japan
LAB05-1,11.358,0.85,1.5,8.369666667,1.839,1.688,3,0.994,4.8695,0.456,1,1.0675,8,8,1,2.22,1,3,1,14,12,0,0.2815,0,1.93775,0.296,44,2.299,0.24775,0.6025,0,0,30,34,1,44,44,0,33.6319,135.3685,Japan,Pacific,Japan
LAB03,18.184,1.35,0,10.445,3.552,2.4835,3,2.004,8.2715,0.944,1,1.366666667,12,8,3,2.3,1,3.5,1,14.5,13,0.833333333,0.903,0.1795,3.13375,0.5275,60,2.198,0.558,1.086,0.333333333,0.5,36,35.5,1.125,50,45.5,0.25,-23.8213,-45.3958,Brazil-SE,Atlantic,Brazil-SE/S
LAB01,15.387,,0,6.461,2.169666667,2.544333333,3,1.838,7.121,0.61,1,0.89,,,3,2.06,1,3.333333333,1,8,6,1,0.452,0.2175,2.6415,0.327,45,2.285666667,0.782666667,0.8205,0.428571429,0.571428571,40,35,1,45,40,0.285714286,-23.8644,-45.5219,Brazil-SE,Atlantic,Brazil-SE/S
FLMNH8734,17.021,,0,13.164,2.0765,2.676,3,1.225,6.155,0.66,1,,,,,,1,3,1,30,,,0.602,0.297,2.465,,50,2.589,0.267,0.704,,,20,,,50,,,27.872363,-96.958647,USA-GoM-TX,Atlantic,USA-GoM
DP3-8,14.0925,1.93,0,8.364,2.109333333,1.618,2,2.617,5.398,0.569,1,0.8325,8,8,3,1.14,1,2,1,10,9.5,0.75,0.325,0,1.3905,0.4835,24,1.7805,0.98175,1.22725,0.25,0.5,14,16,1,24,23.5,0.125,,,DP-Aq,,Aquarium
DP3-7,15.257,2,0,7.897,2.157666667,1.7585,2,2.7115,5.7775,1.097,2,0.7275,8,8,2,1.18,1,3,1,7,5,0.25,0.346,0.043166667,1.533,0.449,29,2.03525,1.2145,1.1285,0.125,0.125,22,22,1,29,24,0.125,,,DP-Aq,,Aquarium
DP3-6,16.196,1.59,0,9.795666667,2.638666667,1.668,2,3.1145,6.317,0.663,1,0.728,8,8,2,1.15,1,1.5,1,6,3,0.6,0.3865,0,1.60125,0.499,23,2.001,1.1452,1.0512,0.3,0.3,17,17,1.25,23,19,0.25,,,DP-Aq,,Aquarium
DP3-5,13.62,1.8,0,8.056333333,2.04975,1.624,2,2.5545,5.314,0.7955,1,0.7175,8,8,3,1.45,1,1,1,14,12.5,0.125,0.403,0,1.37975,0.47,33,1.90625,1.101,1.076,0.125,0,18,20,1.125,33,32.5,0.25,,,DP-Aq,,Aquarium
DP3-4,15.497,1.56,0,9.4495,2.720666667,1.8135,2,2.9125,6.176,1.696333333,3,0.68,8,8,3,1.17,1,2.5,1,17,7,0.25,0.3945,0,1.63175,0.535,40,2.01125,1.304,1.192,0.125,0.125,21,18.5,1,36.5,22.5,0,,,DP-Aq,,Aquarium
DP3-3,14.4565,1.29,0,8.2915,2.572,1.7415,2,2.3355,5.588,0.823,1,0.77,8,8,3,1.22,1,2,1,8,6.5,0,0.2775,0,1.62625,0.4335,26,1.91275,1.30475,0.8145,0,0,19,7.5,1,25.5,21,0,,,DP-Aq,,Aquarium
DP3-2,16.4945,0.97,0,9.36675,2.37875,1.599,2,2.883,6.418,1.266,2,0.745,8,8,3,1.82,1,2.75,1,6.5,5.5,0,0.302,0,1.7675,0.4715,25,2.296,1.1935,1.207,0,0,18,18,1,24.5,20.5,0,,,DP-Aq,,Aquarium
DP3-1,14.8735,1.08,0,7.48125,2.5436,1.5325,2,2.7415,5.658,1.071,2,0.6133,8,8,2,1.13,1,2.75,1,6,4,0,0.339,0,1.45825,0.487,26,2.00975,1.0755,1.09275,0,0,16,16.5,1,23,19,0,,,DP-Aq,,Aquarium
AMNH2152-2,8.701,,0,,1.157,,2,1.304,3.283,0.462,2,,8,8,,,1,2.5,1,8,7,0,0.084,0,0.9895,0.2085,35,0.854,0.305,0.584,0,0,28,28,1,35,32,0,32.297,-64.825,Bermuda,Atlantic,Atlantic
AMNH2152-1,9.26,,0,4.975,1.093,0.764,2,1.253,3.124,0.334,2,,8,8,,,1,1.5,1,3,2,0,0.1055,0,0.9355,0.151,23,0.692,0.353,0.648,0,0,20,18,1,23,18,0,32.297,-64.825,Bermuda,Atlantic,Atlantic
AMNH1253-2,9.4165,,0,3.392,0.681,0.8485,2,1.1905,2.965,0.3065,2,,8,8,,,1,3,1,13,9.5,0.166666667,0.298333333,0,0.88725,0.252,44,0.889666667,0.422,0.5955,0.166666667,0,25.5,28,1,37,35,0.166666667,8.308804,-79.09309,Panama-W,Pacific,Panama-W
AMNH1253-1,16.691,3.26,3,9.5525,2.167,2.292,3,2.67,7.107,0.527666667,1,1,8,8,1,1.98,1,2.5,1,0.5,5.5,0,0.701,0.237,2.2185,0.406666667,28,2.803666667,0.607,1.483,0,0,28,24.5,1,28,27,0,8.308804,-79.09309,Panama-W,Pacific,Panama-W
AMNH1250,10.325,,3.5,10.45,1.7325,1.0555,3,1.401,6.431,,,,,,,,1,3,1,9,10,0,0.289333333,0,2.515,0.245666667,36,3.165,0.2415,0.8715,0,0,29,30,1,36,38,0,44.4439,-66.067,Canada-NE,Atlantic,Canada-NE